BFS,pov_abs,pov_rel,pov_rel_municip,Bevölkerung,absolutpoverty,relativepoverty,relativeregionalpoverty,id,diff
Mühledorf (BE)  ,6,20,55,269,2.2304833,7.4349442,20.446096,875,-18.215612
Zwieselberg     ,1,43,43,285,.3508772,15.087719,15.087719,947,-14.736842
Deisswil bei Münchenbuchsee     ,7,14,21,97,7.216495,14.43299,21.649485,535,-14.432989
Kernenried      ,10,44,68,460,2.173913,9.565217,14.782609,411,-12.608696
Mirchel ,6,29,79,595,1.0084034,4.8739495,13.277311,615,-12.268908
Scheunen        ,0,9,9,79,0,11.392406,11.392406,550,-11.392406
Clavaleyres     ,6,18,11,45,13.333333,40,24.444445,661,-11.111112
Golaten ,9,37,43,307,2.931596,12.052117,14.006515,664,-11.074919
Merzligen       ,8,12,54,429,1.8648019,2.7972028,12.587413,741,-10.72261
Mont-Tramelan   ,1,27,12,107,.93457943,25.233644,11.214953,437,-10.280374
Oberhofen am Thunersee  ,130,218,368,2380,5.4621849,9.1596642,15.462185,934,-10
Meikirch        ,80,153,330,2523,3.1708283,6.0642095,13.079667,307,-9.9088383
Kirchlindach    ,92,157,381,3005,3.061564,5.2246256,12.678868,354,-9.6173038
Trimstein       ,9,28,61,548,1.6423358,5.109489,11.131387,631,-9.4890509
Jens    ,17,29,86,730,2.3287671,3.9726028,11.780822,738,-9.452055
Wald (BE)       ,25,76,142,1247,2.0048115,6.0946269,11.38733,888,-9.3825188
Walliswil bei Niederbipp        ,8,23,29,224,3.5714285,10.267858,12.946428,990,-9.375
Grafenried      ,36,63,132,1029,3.4985423,6.1224489,12.827989,539,-9.3294468
Muri bei Bern   ,536,783,1713,12857,4.1689353,6.0900679,13.323482,356,-9.1545467
Kaufdorf        ,41,71,142,1105,3.7104073,6.4253392,12.850678,869,-9.1402712
Bolligen        ,230,342,808,6398,3.5948734,5.3454204,12.628946,352,-9.0340729
Souboz  ,7,20,20,144,4.8611112,13.888889,13.888889,712,-9.0277786
Bremgarten bei Bern     ,126,197,536,4589,2.7456963,4.2928743,11.680104,353,-8.9344082
Mattstetten     ,28,29,83,626,4.4728436,4.6325879,13.258786,543,-8.7859421
Allmendingen    ,5,30,51,526,.95057034,5.7034221,9.6958179,630,-8.7452478
Tägertschi      ,10,22,46,422,2.3696682,5.2132702,10.900474,625,-8.5308056
Vechigen        ,125,264,553,5035,2.4826217,5.2432971,10.983118,359,-8.5004959
Bellmund        ,53,72,190,1632,3.2475491,4.4117646,11.642157,732,-8.3946075
Därligen        ,17,41,51,411,4.1362529,9.9756689,12.408759,575,-8.2725067
Prêles  ,29,61,108,961,3.0176899,6.3475547,11.238294,725,-8.2206039
Gurbrü  ,4,20,25,260,1.5384616,7.6923075,9.6153851,665,-8.0769234
Hilterfingen    ,235,394,568,4186,5.6139512,9.4123268,13.569039,929,-7.9550881
Gelterfingen    ,6,22,26,254,2.3622048,8.661417,10.23622,865,-7.8740158
Bäriswil        ,38,48,125,1109,3.4265103,4.3282237,11.271416,403,-7.8449054
Evilard ,76,118,284,2652,2.8657618,4.449472,10.708899,372,-7.8431368
Iffwil  ,19,29,53,436,4.3577981,6.6513762,12.155963,541,-7.7981648
Freimettigen    ,10,26,45,449,2.2271714,5.7906461,10.022272,607,-7.7951007
Stettlen        ,176,257,411,3025,5.818182,8.4958677,13.586777,358,-7.7685947
Gerzensee       ,25,66,120,1225,2.0408163,5.3877549,9.7959185,866,-7.7551022
Mörigen ,23,28,94,925,2.4864864,3.0270271,10.162162,742,-7.6756754
Wohlen bei Bern ,448,667,1173,9616,4.6589017,6.9363561,12.19842,360,-7.5395179
Zuzwil (BE)     ,17,23,63,614,2.7687297,3.7459283,10.260587,557,-7.4918571
Oberwil bei Büren       ,24,48,84,801,2.9962547,5.9925094,10.486892,391,-7.4906368
Tschugg ,17,43,52,469,3.6247334,9.1684437,11.08742,501,-7.462687
Toffen  ,134,196,328,2604,5.1459293,7.5268817,12.596006,884,-7.4500771
Sigriswil       ,236,470,583,4697,5.0244837,10.006387,12.412178,938,-7.3876944
Krattigen       ,37,85,111,1015,3.6453202,8.3743839,10.935961,566,-7.2906408
Schalunen       ,14,26,47,455,3.0769231,5.7142859,10.32967,549,-7.2527466
Brenzikofen     ,12,27,51,539,2.2263451,5.0092764,9.4619665,606,-7.2356215
Niedermuhlern   ,32,76,67,484,6.6115704,15.702479,13.842976,877,-7.2314053
Wengi   ,26,53,70,617,4.2139382,8.5899515,11.345219,394,-7.1312804
Vinelz  ,24,39,84,850,2.8235295,4.5882354,9.8823528,502,-7.0588236
Fraubrunnen     ,85,151,222,1942,4.3769312,7.7754893,11.431514,538,-7.0545826
Höchstetten     ,7,28,28,300,2.3333333,9.333333,9.333333,410,-7
Hermiswil       ,4,11,11,101,3.9603961,10.891089,10.891089,978,-6.9306936
Grossaffoltern  ,83,158,282,2898,2.8640442,5.4520359,9.7308493,303,-6.8668051
Gals    ,46,68,96,730,6.3013697,9.3150682,13.150685,494,-6.8493156
Ferenbalm       ,56,93,145,1310,4.2748094,7.0992365,11.068703,662,-6.7938933
Rumisberg       ,22,40,55,486,4.5267491,8.2304525,11.316873,987,-6.7901235
Täuffelen       ,99,178,284,2776,3.5662825,6.4121037,10.230548,751,-6.6642656
Saanen  ,340,614,773,6525,5.2107282,9.4099617,11.846744,843,-6.6360154
Rubigen ,91,128,291,3035,2.9983525,4.217463,9.5881386,623,-6.5897861
Kirchdorf (BE)  ,28,58,89,927,3.0204961,6.256742,9.6008635,872,-6.5803671
Kiesen  ,28,58,86,885,3.1638417,6.5536723,9.717514,611,-6.5536723
Ersigen ,57,106,169,1715,3.3236151,6.180758,9.8542271,405,-6.530612
Schlosswil      ,11,37,54,662,1.6616315,5.5891237,8.1570997,624,-6.4954681
Homberg ,25,67,57,493,5.0709939,13.590263,11.561866,931,-6.4908719
Rümligen        ,7,22,38,479,1.4613779,4.5929017,7.9331942,881,-6.4718161
Schüpfen        ,148,250,384,3649,4.0559058,6.851192,10.523431,311,-6.467525
Niederönz       ,65,107,173,1672,3.8875599,6.3995214,10.346889,982,-6.4593296
Port    ,127,228,356,3584,3.5435269,6.3616071,9.9330359,745,-6.3895092
Niederhünigen   ,24,56,67,676,3.5502958,8.2840233,9.9112425,617,-6.3609467
Hindelbank      ,159,222,300,2225,7.1460676,9.9775276,13.483146,409,-6.3370781
Lüscherz        ,19,33,54,555,3.4234235,5.9459457,9.7297297,497,-6.3063059
Ligerz  ,16,34,52,571,2.8021016,5.9544659,9.1068306,740,-6.304729
Kehrsatz        ,302,449,564,4179,7.2266092,10.744197,13.496052,870,-6.2694426
Kienersrüti     ,4,7,7,48,8.333333,14.583333,14.583333,871,-6.25
Mühleberg       ,88,180,267,2880,3.0555556,6.25,9.270833,668,-6.2152777
Rütschelen      ,12,31,48,580,2.0689654,5.3448277,8.2758617,340,-6.2068963
Büren zum Hof   ,12,22,42,487,2.4640658,4.5174537,8.6242304,534,-6.1601648
Thierachern     ,105,188,258,2498,4.2033625,7.526021,10.328262,941,-6.1248999
Bühl    ,5,22,31,427,1.1709602,5.152225,7.259953,734,-6.0889931
Limpach ,18,38,41,381,4.7244096,9.973753,10.761155,542,-6.0367455
Sutz-Lattrigen  ,59,88,149,1498,3.9385848,5.8744993,9.9465952,750,-6.0080104
Büetigen        ,22,27,73,857,2.5670946,3.1505251,8.5180864,382,-5.9509916
Bannwil ,33,65,75,706,4.674221,9.2067986,10.623229,323,-5.949008
Münchringen     ,12,13,51,657,1.826484,1.978691,7.762557,547,-5.9360733
Obersteckholz   ,24,48,50,438,5.4794521,10.958904,11.415525,334,-5.9360733
Aeschi bei Spiez        ,71,181,200,2177,3.2613688,8.3141937,9.1869545,562,-5.9255857
Treiten ,10,16,36,444,2.2522523,3.6036036,8.1081085,500,-5.8558559
Attiswil        ,74,112,154,1367,5.4133139,8.1931238,11.265545,971,-5.852231
Burgistein      ,32,76,95,1078,2.9684601,7.0500927,8.8126163,863,-5.8441563
Bleienbach      ,29,59,68,679,4.2709866,8.689249,10.014728,324,-5.743741
Häutligen       ,6,19,19,227,2.6431718,8.3700438,8.3700438,609,-5.726872
Frauenkappelen  ,32,59,108,1348,2.3738873,4.3768544,8.0118694,663,-5.6379824
Jegenstorf      ,294,395,577,5049,5.8229351,7.8233314,11.428005,540,-5.6050701
Perrefitte      ,25,57,51,464,5.3879309,12.284483,10.99138,701,-5.6034489
Safnern ,110,152,218,1930,5.699482,7.8756475,11.295337,746,-5.5958548
La Heutte       ,35,58,64,520,6.7307692,11.153846,12.307693,436,-5.5769234
Oberdiessbach   ,132,248,312,3239,4.0753317,7.6566844,9.6326027,619,-5.557271
Grosshöchstetten        ,185,264,374,3413,5.4204512,7.7351303,10.958101,608,-5.5376501
Uttigen ,42,93,150,1954,2.149437,4.7594676,7.6765609,885,-5.5271239
Münsingen       ,602,899,1243,11608,5.1860785,7.7446589,10.708133,616,-5.5220542
Kappelen        ,42,89,116,1343,3.127327,6.6269546,8.6373787,305,-5.5100517
Walliswil bei Wangen    ,25,49,59,618,4.0453076,7.9288025,9.5469255,991,-5.5016179
Walperswil      ,27,51,81,985,2.7411168,5.1776648,8.2233505,754,-5.482234
Epsach  ,13,31,33,366,3.5519125,8.469945,9.0163937,735,-5.4644814
Oberbipp        ,105,163,195,1663,6.3138905,9.8015633,11.725797,983,-5.4119062
Rapperswil (BE) ,67,140,186,2199,3.0468395,6.3665304,8.4583902,310,-5.4115505
Ins     ,159,238,340,3349,4.7476859,7.1065989,10.152285,496,-5.4045987
Schwarzenburg   ,390,745,772,7143,5.4598908,10.429791,10.807784,855,-5.3478932
Neuenegg        ,293,430,567,5124,5.7181888,8.391881,11.065574,670,-5.3473849
Lyssach ,76,120,154,1464,5.191257,8.1967211,10.519126,415,-5.3278689
Erlach  ,86,130,158,1354,6.3515511,9.601182,11.669128,492,-5.3175774
Niederstocken   ,9,23,23,265,3.3962264,8.679245,8.679245,764,-5.2830186
Kirchberg (BE)  ,388,539,696,5865,6.6155157,9.1901112,11.867007,412,-5.2514915
Jaberg  ,3,13,17,267,1.1235955,4.8689137,6.3670411,868,-5.2434454
Belp    ,608,883,1200,11376,5.3445849,7.7619548,10.548523,861,-5.203938
Bätterkinden    ,187,236,356,3249,5.7556171,7.2637734,10.957217,533,-5.2016001
Schwadernau     ,47,69,84,712,6.6011238,9.6910114,11.797752,748,-5.1966286
Krauchthal      ,79,129,205,2436,3.2430212,5.2955666,8.4154348,414,-5.1724138
Diessbach bei Büren     ,42,67,88,893,4.7032475,7.5027995,9.8544235,385,-5.151176
Wileroltigen    ,28,41,49,409,6.8459659,10.02445,11.98044,671,-5.1344743
Konolfingen     ,237,397,492,4977,4.7619047,7.9766927,9.8854733,612,-5.1235685
Wichtrach       ,143,245,363,4304,3.3224907,5.692379,8.4340153,632,-5.1115246
Leissigen       ,52,70,101,959,5.4223151,7.2992702,10.531804,585,-5.109489
Meienried       ,2,2,5,59,3.3898306,3.3898306,8.474576,389,-5.0847454
Worben  ,130,198,248,2323,5.5962119,8.5234613,10.67585,755,-5.079638
Utzenstorf      ,250,369,470,4333,5.7696748,8.5160398,10.846989,552,-5.0773139
Seedorf (BE)    ,122,210,275,3014,4.0477772,6.967485,9.1240873,312,-5.0763102
Oeschenbach     ,14,37,27,257,5.4474707,14.396887,10.505836,335,-5.0583658
Innertkirchen   ,42,95,85,851,4.93537,11.163338,9.9882488,784,-5.0528789
Grandval        ,11,34,29,357,3.0812325,9.5238094,8.1232491,694,-5.0420165
Seftigen        ,142,206,256,2270,6.2555065,9.0748901,11.277533,883,-5.0220261
Lauenen ,36,102,75,781,4.6094751,13.06018,9.6030731,842,-4.993598
Schwendibach    ,17,31,31,282,6.0283689,10.992908,10.992908,937,-4.9645386
Grindelwald     ,195,423,377,3667,5.3176985,11.535315,10.280884,576,-4.9631853
Oberhünigen     ,20,44,37,344,5.8139534,12.790698,10.755814,629,-4.9418602
Amsoldingen     ,28,55,69,831,3.3694344,6.6185317,8.3032494,921,-4.933815
Ruppodsried     ,9,6,23,284,3.169014,2.1126761,8.0985918,548,-4.9295778
Laupen  ,230,303,375,2942,7.817811,10.299116,12.746431,667,-4.9286203
Schattenhalb    ,31,63,60,593,5.2276559,10.623946,10.118044,786,-4.890388
Diesse  ,33,48,48,307,10.749186,15.63518,15.63518,721,-4.885994
Uetendorf       ,316,471,617,6174,5.118238,7.6287656,9.9935217,944,-4.8752837
Zollikofen      ,774,1089,1260,10047,7.7037921,10.839056,12.541057,361,-4.8372645
Wynigen ,86,217,183,2033,4.2302017,10.673881,9.0014753,424,-4.7712736
Kallnach        ,75,106,152,1614,4.6468401,6.567534,9.4175959,304,-4.7707558
Uebeschi        ,35,73,69,713,4.9088359,10.238429,9.6774197,943,-4.7685838
Bargen (BE)     ,26,40,73,992,2.6209676,4.032258,7.358871,302,-4.7379036
Därstetten      ,35,103,76,870,4.0229883,11.839081,8.7356319,761,-4.7126436
Alchenstorf     ,15,31,43,596,2.5167785,5.2013421,7.2147651,402,-4.6979866
Mühlethurnen    ,40,68,108,1448,2.7624309,4.6961327,7.4585633,876,-4.6961327
Ipsach  ,184,286,383,4248,4.33145,6.7325802,9.0160074,739,-4.6845574
Oberthal        ,32,86,69,795,4.0251575,10.81761,8.679245,620,-4.6540875
Leuzigen        ,49,79,104,1184,4.1385136,6.6722975,8.7837839,388,-4.6452703
Brienzwiler     ,26,58,50,517,5.0290136,11.218569,9.6711798,574,-4.6421661
Dotzigen        ,77,116,143,1425,5.4035087,8.1403513,10.035088,386,-4.6315789
Willadingen     ,3,10,13,216,1.3888888,4.6296296,6.0185184,423,-4.6296296
Ittigen ,1104,1423,1622,11208,9.8501072,12.696288,14.471806,362,-4.6216984
Forst-Längenbühl        ,39,75,79,866,4.5034642,8.6605082,9.1224022,948,-4.618938
Nods    ,29,52,66,807,3.5935564,6.4436183,8.1784382,724,-4.5848818
Seeberg ,73,129,141,1491,4.8960428,8.6519117,9.4567404,988,-4.5606976
Auswil  ,15,54,35,441,3.4013605,12.244898,7.9365077,322,-4.5351472
Arch    ,79,116,150,1570,5.031847,7.388535,9.5541401,381,-4.5222931
Wimmis  ,127,239,240,2501,5.0779686,9.5561771,9.5961618,769,-4.5181932
Spiez   ,770,1101,1343,12943,5.9491615,8.5065289,10.376266,768,-4.427104
Bangerten       ,4,7,11,159,2.5157232,4.4025159,6.9182391,532,-4.4025159
Büren an der Aare       ,276,389,427,3435,8.034934,11.324599,12.430859,383,-4.3959246
Köniz   ,3100,4350,4868,40357,7.6814432,10.778799,12.062344,355,-4.3809004
Rüeggisberg     ,117,236,201,1918,6.1001043,12.304483,10.479667,880,-4.3795624
Unterseen       ,370,582,619,5716,6.4730582,10.181946,10.829251,593,-4.3561931
Mötschwil       ,1,8,7,138,.72463769,5.7971015,5.072464,416,-4.3478265
Buchholterberg  ,50,152,117,1551,3.2237265,9.8001289,7.5435205,923,-4.3197937
Dürrenroth      ,52,131,100,1118,4.6511626,11.717353,8.9445438,952,-4.2933812
Aegerten        ,165,204,244,1846,8.9382448,11.05092,13.217768,731,-4.2795229
Etzelkofen      ,6,11,19,304,1.9736842,3.6184211,6.25,537,-4.2763157
Gsteig  ,64,129,106,986,6.4908724,13.083164,10.750507,841,-4.259635
Bettenhausen    ,27,52,57,708,3.8135593,7.3446326,8.0508471,973,-4.2372875
Zauggenried     ,13,16,27,331,3.9274924,4.833837,8.1570997,555,-4.2296076
Inkwil  ,22,36,50,668,3.2934132,5.3892217,7.4850302,980,-4.191617
Riggisberg      ,157,262,262,2507,6.262465,10.450738,10.450738,879,-4.188273
Ringgenberg (BE)        ,219,319,332,2711,8.0782003,11.766875,12.246404,590,-4.1682034
Biglen  ,115,191,191,1827,6.2944717,10.454297,10.454297,603,-4.1598253
Scheuren        ,11,28,32,505,2.1782179,5.5445542,6.3366337,747,-4.1584158
Wangenried      ,25,36,42,410,6.0975609,8.780488,10.243902,993,-4.1463413
Rüegsau ,155,301,289,3238,4.7869053,9.2958612,8.9252625,956,-4.1383572
Hermrigen       ,12,22,23,266,4.5112782,8.2706766,8.6466169,737,-4.1353388
Hellsau ,1,4,9,194,.51546389,2.0618556,4.6391754,408,-4.1237116
Steffisburg     ,882,1361,1544,16061,5.4915633,8.4739428,9.613349,939,-4.1217856
Bleiken bei Oberdiessbach       ,9,38,26,415,2.1686747,9.1566267,6.2650604,604,-4.096386
Twann-Tüscherz  ,67,97,114,1150,5.826087,8.434783,9.913043,756,-4.086956
Gurzelen        ,31,80,64,808,3.8366337,9.9009905,7.9207921,867,-4.0841584
Rüschegg        ,106,186,173,1644,6.4476886,11.313869,10.523114,853,-4.0754256
Wattenwil       ,140,251,254,2802,4.9964314,8.9578876,9.0649538,886,-4.0685225
Heimenhausen    ,57,89,101,1082,5.2680221,8.2255087,9.3345652,977,-4.0665431
Eschert ,22,49,38,394,5.5837564,12.436548,9.6446705,692,-4.060914
Sonceboz-Sombeval       ,87,160,162,1856,4.6875,8.6206894,8.7284479,444,-4.0409479
Orvin   ,97,136,147,1259,7.7045274,10.802224,11.675933,438,-3.9714055
Herbligen       ,25,45,47,556,4.4964027,8.0935249,8.4532375,610,-3.9568348
Blumenstein     ,49,94,97,1214,4.0362439,7.7429981,7.9901152,922,-3.9538713
Lohnstorf       ,6,10,15,229,2.6200874,4.3668122,6.5502181,874,-3.9301307
Court   ,106,165,160,1376,7.7034883,11.991279,11.627907,690,-3.9244184
Heimiswil       ,55,150,118,1613,3.4097955,9.2994423,7.3155613,407,-3.9057658
Corcelles (BE)  ,18,29,26,205,8.780488,14.146341,12.682927,687,-3.9024391
Studen (BE)     ,177,235,295,3025,5.8512397,7.7685952,9.7520657,749,-3.900826
Noflen  ,10,22,22,308,3.2467532,7.1428571,7.1428571,878,-3.8961039
Hasle bei Burgdorf      ,180,342,306,3235,5.5641422,10.57187,9.4590416,406,-3.8948994
Radelfingen     ,30,62,77,1210,2.4793389,5.1239672,6.3636365,309,-3.8842976
Heimberg        ,377,571,635,6647,5.6717315,8.5903416,9.5531816,928,-3.8814502
Meiringen       ,286,471,468,4704,6.0799317,10.012755,9.9489794,785,-3.8690476
Zweisimmen      ,151,283,266,2973,5.0790448,9.5190048,8.9471912,794,-3.8681464
Höfen   ,46,50,64,466,9.8712444,10.729613,13.733906,930,-3.8626614
Zäziwil ,67,123,131,1657,4.0434518,7.4230537,7.9058537,628,-3.862402
Bowil   ,75,164,130,1426,5.2594671,11.500701,9.1164093,605,-3.8569422
Meinisberg      ,74,100,126,1359,5.4451804,7.3583517,9.2715235,390,-3.8263431
Schwanden bei Brienz    ,34,55,57,607,5.6013179,9.060955,9.3904448,592,-3.7891269
Aarberg ,261,353,417,4149,6.2906723,8.5080738,10.050614,301,-3.7599421
Villeret        ,67,113,102,931,7.1965628,12.137486,10.955961,448,-3.7593985
Sornetan        ,3,8,8,133,2.2556391,6.0150375,6.0150375,710,-3.7593985
Hofstetten bei Brienz   ,29,49,50,560,5.1785712,8.75,8.9285717,580,-3.7500005
Worb    ,861,1184,1295,11664,7.3816872,10.150891,11.102538,627,-3.7208509
Walkringen      ,101,181,169,1829,5.5221434,9.8961182,9.2400217,626,-3.7178783
Oberwil im Simmental    ,37,151,68,849,4.3580685,17.785629,8.0094233,766,-3.6513548
Hagneck ,7,11,23,440,1.5909091,2.5,5.2272725,736,-3.6363635
Langnau im Emmental     ,567,1082,904,9291,6.1026802,11.645679,9.729846,902,-3.6271658
Niederösch      ,6,14,15,249,2.4096386,5.6224899,6.0240965,417,-3.6144578
Kriechenwil     ,26,46,42,443,5.8690743,10.383747,9.480813,666,-3.6117387
La Neuveville   ,248,330,371,3447,7.1946621,9.5735426,10.762982,723,-3.5683203
Wangen an der Aare      ,166,241,245,2220,7.4774776,10.855856,11.036036,992,-3.5585589
Koppigen        ,104,151,176,2051,5.0706973,7.3622622,8.5811796,413,-3.5104823
Madiswil        ,168,267,279,3195,5.2582159,8.3568077,8.7323942,332,-3.4741783
Herzogenbuchsee ,565,808,810,7061,8.0016994,11.443138,11.471463,979,-3.4697638
Aefligen        ,57,75,96,1125,5.0666666,6.6666665,8.5333338,401,-3.4666672
Finsterhennen   ,11,13,28,492,2.2357724,2.6422765,5.6910567,493,-3.4552844
Kandersteg      ,70,115,112,1216,5.7565789,9.4572372,9.2105265,565,-3.4539475
Thunstetten     ,301,411,407,3078,9.7790775,13.352826,13.222872,342,-3.4437943
Brüttelen       ,32,58,52,587,5.451448,9.8807497,8.8586035,491,-3.4071555
Gampelen        ,68,80,95,794,8.5642319,10.075566,11.964736,495,-3.4005041
Urtenen-Schönbühl       ,552,705,762,6213,8.8845968,11.347176,12.264606,551,-3.3800097
Farnern ,19,26,26,209,9.090909,12.440191,12.440191,975,-3.3492823
Mülchi  ,10,18,18,240,4.1666665,7.5,7.5,545,-3.3333335
Schwarzhäusern  ,11,26,28,514,2.1400778,5.0583658,5.4474707,341,-3.3073928
Gadmen  ,21,42,29,242,8.6776857,17.355371,11.983471,781,-3.3057852
Fahrni  ,33,68,60,823,4.0097203,8.262454,7.290401,925,-3.2806807
Zielebach       ,16,21,27,336,4.7619047,6.25,8.0357141,556,-3.2738094
Eggiwil ,97,332,178,2489,3.8971474,13.33869,7.1514664,901,-3.254319
Arni (BE)       ,40,91,71,960,4.1666665,9.479167,7.3958335,602,-3.229167
Lengnau (BE)    ,533,708,685,4722,11.28759,14.993647,14.506565,387,-3.2189751
Roggwil (BE)    ,306,412,431,3886,7.8744211,10.602161,11.091096,337,-3.2166748
Münchenbuchsee  ,803,1053,1132,10228,7.8509974,10.295268,11.067657,546,-3.21666
Brienz (BE)     ,211,329,309,3060,6.8954248,10.751634,10.09804,573,-3.2026148
Lyss    ,1178,1639,1623,13987,8.4221058,11.718024,11.603632,306,-3.1815262
Pohlern ,17,37,26,283,6.0070672,13.074205,9.1872787,936,-3.1802115
Bönigen ,145,201,223,2518,5.7585387,7.9825258,8.8562355,572,-3.0976968
Aarwangen       ,331,401,461,4284,7.7264237,9.3604107,10.760971,321,-3.0345473
Melchnau        ,110,179,157,1549,7.1013556,11.555842,10.135571,333,-3.0342159
Guttannen       ,11,21,20,298,3.6912751,7.0469799,6.7114096,782,-3.0201344
Lenk    ,126,244,196,2358,5.3435116,10.347753,8.312129,792,-2.9686174
Iseltwald       ,21,43,34,440,4.7727275,9.772727,7.7272725,582,-2.954545
Moosseedorf     ,307,376,412,3560,8.6235952,10.561798,11.573033,544,-2.9494381
Matten bei Interlaken   ,239,373,350,3771,6.3378415,9.8912754,9.2813578,587,-2.9435163
Reichenbach im Kandertal        ,203,394,309,3606,5.6295066,10.926234,8.5690517,567,-2.9395452
La Ferrière     ,43,71,60,582,7.3883162,12.199313,10.309278,435,-2.9209623
Hasliberg       ,76,146,108,1118,6.7978535,13.059034,9.6601076,783,-2.8622541
Belprahon       ,17,22,26,316,5.3797469,6.9620252,8.2278481,681,-2.8481011
Gsteigwiler     ,26,44,38,422,6.1611376,10.42654,9.0047398,577,-2.8436022
Courtelary      ,122,159,159,1313,9.2916985,12.109673,12.109673,434,-2.8179741
Busswil bei Melchnau    ,15,14,21,215,6.9767442,6.5116277,9.7674417,325,-2.7906976
Bern    ,12561,18201,15715,113160,11.100212,16.084305,13.887416,351,-2.7872038
Rüderswil       ,141,301,209,2446,5.7645135,12.305805,8.5445623,905,-2.7800488
Niederbipp      ,371,455,487,4218,8.7956381,10.787103,11.545756,981,-2.7501183
Unterlangenegg  ,73,129,100,982,7.4338083,13.136456,10.183299,945,-2.7494907
Malleray        ,176,267,230,1988,8.8531189,13.430584,11.569416,697,-2.7162971
Thörigen        ,69,93,98,1070,6.4485979,8.6915884,9.1588783,989,-2.7102804
Wiedlisbach     ,211,258,271,2233,9.4491711,11.553964,12.13614,995,-2.6869688
Wiler bei Utzenstorf    ,50,67,73,859,5.8207216,7.799767,8.4982538,554,-2.6775322
Crémines        ,34,61,49,561,6.060606,10.873441,8.7344027,691,-2.6737967
Diemtigen       ,190,434,250,2247,8.455719,19.314642,11.125946,762,-2.6702271
Affoltern im Emmental   ,74,131,106,1211,6.1106524,10.817506,8.7530966,951,-2.6424441
Thun    ,3670,5226,4824,44025,8.3361731,11.870528,10.957411,942,-2.6212378
Lauterbrunnen   ,189,258,250,2336,8.0907536,11.04452,10.702055,584,-2.6113014
Reutigen        ,58,85,85,1037,5.5930567,8.1967211,8.1967211,767,-2.6036644
Oberstocken     ,17,25,25,308,5.5194807,8.1168833,8.1168833,765,-2.5974026
Lützelflüh      ,287,508,394,4157,6.9040174,12.220351,9.4779892,955,-2.5739717
Siselen ,36,48,52,627,5.7416267,7.6555023,8.2934608,499,-2.5518341
Lotzwil ,248,316,312,2513,9.8686829,12.574612,12.41544,331,-2.5467567
Wilderswil      ,163,223,227,2632,6.1930089,8.4726448,8.6246204,594,-2.4316115
Péry    ,103,138,137,1407,7.32054,9.8081026,9.7370291,439,-2.4164891
Heiligenschwendi        ,40,69,56,666,6.0060062,10.36036,8.4084082,927,-2.4024019
Gondiswil       ,31,59,48,709,4.3723555,8.3215799,6.7700987,326,-2.3977432
Niederried bei Kallnach ,7,10,14,293,2.3890786,3.4129694,4.7781572,308,-2.3890786
Orpund  ,235,292,302,2806,8.3749113,10.406272,10.762651,744,-2.3877401
Oberbalm        ,43,99,64,892,4.8206277,11.098655,7.1748877,357,-2.35426
Graben  ,22,21,29,299,7.3578596,7.0234113,9.6989965,976,-2.3411369
Signau  ,150,331,216,2822,5.3153791,11.72927,7.6541462,907,-2.3387671
Adelboden       ,162,340,243,3465,4.6753244,9.8124094,7.0129871,561,-2.3376627
Frutigen        ,400,725,557,6769,5.9092922,10.710592,8.2286892,563,-2.319397
Schangnau       ,50,157,71,913,5.4764514,17.196056,7.7765608,906,-2.3001094
Trubschachen    ,112,206,144,1411,7.937633,14.599575,10.205528,909,-2.2678952
Erlenbach im Simmental  ,141,220,180,1754,8.0387688,12.542759,10.262258,763,-2.2234888
Burgdorf        ,1489,2136,1844,15967,9.3254843,13.377591,11.54882,404,-2.2233353
Walterswil (BE) ,30,42,42,540,5.5555553,7.7777777,7.7777777,959,-2.2222223
Eriz    ,49,127,60,501,9.7804394,25.349302,11.976048,924,-2.1956081
Reisiswil       ,9,21,13,184,4.8913045,11.413043,7.0652175,336,-2.173913
Rebévelier      ,0,6,1,46,0,13.043478,2.173913,715,-2.173913
Saicourt        ,56,81,70,644,8.695652,12.57764,10.869565,706,-2.173913
Kirchenthurnen  ,13,27,19,276,4.710145,9.782609,6.884058,873,-2.173913
Langenthal      ,1574,2244,1900,15125,10.406611,14.836364,12.561983,329,-2.1553717
Trachselwald    ,51,115,73,1036,4.92278,11.100386,7.0463319,958,-2.1235518
Wiggiswil       ,6,8,8,95,6.3157897,8.4210529,8.4210529,553,-2.1052632
Ochlenberg      ,26,65,39,623,4.1733546,10.433387,6.2600322,985,-2.0866776
Trub    ,80,235,108,1365,5.860806,17.216118,7.9120879,908,-2.0512819
Berken  ,0,1,1,49,0,2.0408163,2.0408163,972,-2.0408163
Rüti bei Büren  ,70,83,87,853,8.2063303,9.7303638,10.199297,393,-1.9929667
Reconvilier     ,186,293,232,2329,7.9862604,12.580506,9.9613571,703,-1.9750967
Roches (BE)     ,18,35,20,103,17.475729,33.980583,19.417477,704,-1.9417477
Lauperswil      ,173,314,226,2743,6.306963,11.44732,8.2391539,903,-1.9321909
Müntschemier    ,90,111,114,1266,7.109005,8.7677727,9.0047398,498,-1.8957348
Vauffelin       ,42,53,50,425,9.8823528,12.470589,11.764706,447,-1.8823528
Cortébert       ,85,130,99,747,11.378849,17.402945,13.253012,433,-1.8741627
Rohrbach        ,112,155,138,1425,7.8596492,10.877193,9.6842108,338,-1.8245616
Rüti bei Lyssach        ,7,8,10,170,4.1176472,4.7058825,5.8823528,422,-1.7647057
Gündlischwand   ,35,40,40,300,11.666667,13.333333,13.333333,578,-1.666666
Romont (BE)     ,18,20,20,121,14.876033,16.528925,16.528925,442,-1.6528921
Sumiswald       ,373,720,459,5206,7.1648097,13.830196,8.8167496,957,-1.6519399
Beatenberg      ,86,154,103,1076,7.9925652,14.312267,9.5724907,571,-1.5799255
Münchenwiler    ,45,31,52,474,9.4936705,6.5400844,10.970464,669,-1.4767933
Wyssachen       ,74,166,91,1185,6.2447257,14.008439,7.6793251,960,-1.4345994
Rüdtligen-Alchenflüh    ,279,340,311,2354,11.852166,14.443501,13.211555,420,-1.3593884
Huttwil ,420,590,485,4803,8.7445345,12.283989,10.097856,954,-1.3533211
Corgémont       ,165,187,187,1658,9.9517488,11.278649,11.278649,431,-1.3269005
Oberburg        ,295,405,333,2931,10.064824,13.81781,11.36131,418,-1.2964859
Habkern ,45,128,53,633,7.109005,20.221169,8.3728275,579,-1.2638226
Eriswil ,91,189,108,1370,6.6423359,13.79562,7.8832116,953,-1.2408757
Linden  ,59,138,75,1307,4.5141544,10.558531,5.7383323,614,-1.2241778
Ursenbach       ,53,99,64,921,5.7546144,10.749186,6.9489684,344,-1.1943541
Kandergrund     ,55,107,64,817,6.731946,13.096695,7.8335371,564,-1.1015911
Interlaken      ,583,822,640,5324,10.950413,15.439519,12.021037,581,-1.0706244
Wynau   ,164,177,177,1448,11.325967,12.223757,12.223757,345,-.89778996
Oberried am Brienzersee ,41,46,45,476,8.6134453,9.6638651,9.4537811,589,-.84033585
Oberlangenegg   ,30,95,34,500,6,19,6.8000002,935,-.80000019
Plagne  ,11,14,14,381,2.8871391,3.6745408,3.6745408,440,-.78740168
Cormoret        ,23,42,26,512,4.4921875,8.203125,5.078125,432,-.5859375
Ostermundigen   ,1954,2570,2045,15829,12.344431,16.236023,12.919325,363,-.57489395
Bévilard        ,110,176,115,899,12.235818,19.577309,12.791991,682,-.55617332
Brügg   ,622,787,645,4384,14.187956,17.951643,14.712591,733,-.52463531
Röthenbach im Emmental  ,49,160,55,1290,3.7984495,12.403101,4.263566,904,-.4651165
Landiswil       ,42,113,44,650,6.4615383,17.384615,6.7692308,613,-.30769253
Guggisberg      ,132,231,134,1605,8.2242994,14.392524,8.3489094,852,-.12460995
St. Stephan     ,91,185,92,1335,6.8164792,13.857677,6.8913856,793,-.074906349
Rumendingen     ,3,3,3,85,3.5294118,3.5294118,3.5294118,421,0
Saules (BE)     ,14,19,14,165,8.484848,11.515152,8.484848,707,0
Oppligen        ,55,55,55,695,7.9136691,7.9136691,7.9136691,622,0
Boltigen        ,117,221,117,1384,8.4537573,15.968208,8.4537573,791,0
Lamboing        ,62,83,62,442,14.027149,18.77828,14.027149,722,0
Oberösch        ,5,5,5,107,4.6728973,4.6728973,4.6728973,419,0
Seehof  ,11,26,11,67,16.41791,38.805969,16.41791,709,0
Pieterlen       ,443,545,437,3166,13.992419,17.214149,13.802906,392,.18951321
Niederried bei Interlaken       ,31,38,30,334,9.2814369,11.377246,8.9820356,588,.29940128
Pontenet        ,20,22,19,248,8.0645161,8.8709679,7.6612902,702,.4032259
Tramelan        ,330,489,315,3351,9.8478069,14.592659,9.4001789,446,.44762802
Wolfisberg      ,20,19,19,212,9.4339619,8.9622641,8.9622641,996,.47169781
Diemerswil      ,11,2,10,198,5.5555553,1.010101,5.0505052,536,.50505018
Loveresse       ,11,9,9,346,3.1791906,2.601156,2.601156,696,.57803464
Tavannes        ,490,663,468,3685,13.297151,17.991859,12.700135,713,.59701538
Rohrbachgraben  ,16,32,13,430,3.7209303,7.4418607,3.0232558,339,.69767451
Sonvilier       ,137,227,124,1243,11.021722,18.262268,9.9758644,445,1.0458574
Moutier ,970,1327,891,7524,12.892078,17.636896,11.842105,700,1.0499735
Sorvilier       ,34,50,31,278,12.230216,17.985611,11.151079,711,1.0791368
Nidau   ,1079,1434,1001,7020,15.37037,20.427351,14.259259,743,1.1111107
Champoz ,14,17,12,179,7.821229,9.4972067,6.7039108,683,1.1173182
Renan (BE)      ,85,97,74,877,9.692132,11.060433,8.4378567,441,1.2542753
Lütschental     ,28,34,23,268,10.447762,12.686567,8.5820894,586,1.8656721
Biel/Bienne     ,8424,10899,7429,47941,17.571598,22.734194,15.496131,371,2.0754671
Wachseldorn     ,17,25,10,241,7.0539417,10.373444,4.1493778,946,2.9045639
Saint-Imier     ,669,858,520,3893,17.18469,22.039558,13.357308,443,3.8273821
Schelten        ,2,19,0,39,5.1282053,48.717949,0,708,5.1282053
Saxeten ,14,21,8,107,13.084112,19.626167,7.4766355,591,5.6074767
Teuffenthal (BE)        ,26,39,16,178,14.606742,21.910112,8.9887638,940,5.6179781
Horrenbach-Buchen       ,33,61,17,273,12.087913,22.344322,6.2271061,932,5.8608065
Châtelat        ,17,24,9,106,16.037735,22.64151,8.4905663,684,7.5471687
