"BFS","pov_abs","pov_rel","pov_rel_municip","Bevölkerung","medianincome","absolutpoverty","relativepoverty","relativeregionalpoverty","id","diff","abskat","relkat","diffkat"
"Aarberg ",247,348,405,4045,68604.938,6.1063042,8.6032143,10.012361,301,3.9060564,5,5,6
"Bargen (BE)     ",25,48,72,973,73310.148,2.5693731,4.9331961,7.3997946,302,4.8304214,2,2,6
"Grossaffoltern  ",77,162,278,2871,76947.859,2.6819923,5.6426334,9.6830368,303,7.0010443,2,3,7
"Kallnach        ",72,109,172,1591,72296.172,4.5254555,6.851037,10.810811,304,6.2853556,3,5,7
"Kappelen        ",40,88,114,1328,71447.203,3.0120482,6.6265059,8.5843372,305,5.572289,2,3,7
"Lyss    ",1070,1546,1547,13563,64168.473,7.8891101,11.398658,11.406031,306,3.5169206,6,6,5
"Meikirch        ",80,153,333,2515,85552.398,3.1809144,6.083499,13.240557,307,10.059643,2,6,7
"Niederried bei Kallnach ",7,9,13,291,77684.703,2.4054983,3.0927835,4.4673538,308,2.0618556,2,1,5
"Radelfingen     ",27,65,75,1192,69683.422,2.2651007,5.4530201,6.2919464,309,4.0268459,2,2,6
"Rapperswil (BE) ",64,136,183,2181,73634.828,2.9344337,6.2356715,8.3906469,310,5.456213,2,3,6
"Schüpfen        ",137,238,380,3589,74224.75,3.8172193,6.6313734,10.587908,311,6.7706885,3,5,7
"Seedorf (BE)    ",119,215,278,2975,71094.672,4,7.2268906,9.3445377,312,5.3445377,3,3,6
"Aarwangen       ",312,401,455,4203,68730.875,7.4232693,9.5408039,10.825601,321,3.4023314,6,5,5
"Auswil  ",15,53,36,438,57221.152,3.4246576,12.100456,8.2191782,322,4.7945204,3,2,6
"Bannwil ",33,68,75,703,65824.797,4.6941676,9.6728306,10.668563,323,5.9743953,3,5,7
"Bleienbach      ",28,60,69,672,68470.719,4.1666665,8.9285717,10.267858,324,6.101191,3,5,7
"Busswil bei Melchnau    ",15,21,21,215,64129.672,6.9767442,9.7674417,9.7674417,325,2.7906976,5,3,5
"Gondiswil       ",31,63,47,698,55857.914,4.4412608,9.0257883,6.7335243,326,2.2922635,3,2,5
"Langenthal      ",1472,2224,1826,14688,58963.699,10.021787,15.141612,12.431917,329,2.4101305,6,6,5
"Lotzwil ",230,306,294,2464,62442.969,9.3344154,12.418831,11.931818,331,2.5974026,6,6,5
"Madiswil        ",156,265,269,3128,64392.375,4.9872122,8.4718666,8.5997438,332,3.6125317,3,3,5
"Melchnau        ",104,190,164,1525,60640.32,6.8196721,12.459017,10.754098,333,3.9344258,5,5,6
"Obersteckholz   ",23,49,53,434,65987.297,5.2995391,11.290322,12.211982,334,6.9124427,5,6,7
"Oeschenbach     ",14,37,23,252,54706.902,5.5555553,14.68254,9.1269846,335,3.5714293,5,3,5
"Reisiswil       ",9,21,19,182,60168.477,4.945055,11.538462,10.439561,336,5.4945059,3,5,6
"Roggwil (BE)    ",281,393,432,3814,66375.07,7.3675933,10.304143,11.326691,337,3.9590974,6,5,6
"Rohrbach        ",109,166,135,1382,56573.852,7.8871202,12.011578,9.7684517,338,1.8813314,6,3,5
"Rohrbachgraben  ",15,30,12,421,52656.594,3.5629454,7.1258907,2.8503563,339,-0.71258903,3,1,2
"Rütschelen      ",12,34,55,576,71980.922,2.0833333,5.9027777,9.5486107,340,7.4652777,2,3,7
"Schwarzhäusern  ",11,26,28,513,69456.703,2.1442494,5.0682263,5.4580898,341,3.3138404,2,1,5
"Thunstetten     ",290,401,398,3018,63087.25,9.6090126,13.286945,13.187541,342,3.5785284,6,6,5
"Ursenbach       ",49,95,59,893,57571.922,5.4871221,10.638298,6.6069427,344,1.1198206,5,2,5
"Wynau   ",155,169,169,1426,64415.887,10.869565,11.851333,11.851333,345,0.98176765,6,6,5
"Bern    ",11393,17221,14921,110008,59439.75,10.35652,15.654316,13.563559,351,3.2070389,6,6,5
"Bolligen        ",215,360,788,6343,86917.594,3.3895633,5.6755481,12.423143,352,9.0335798,2,6,7
"Bremgarten bei Bern     ",115,184,525,4541,93539.398,2.5324819,4.051971,11.56133,353,9.0288477,2,6,7
"Kirchlindach    ",87,162,379,2985,91418.898,2.914573,5.4271355,12.696817,354,9.7822447,2,6,7
"Köniz   ",2922,4301,4800,39662,67295.977,7.3672533,10.844133,12.102264,355,4.7350111,6,6,6
"Muri bei Bern   ",512,775,1680,12737,90500.156,4.0197849,6.0846353,13.189919,356,9.1701345,3,6,7
"Oberbalm        ",42,107,63,883,57554.797,4.7565117,12.117781,7.134768,357,2.3782563,3,2,5
"Stettlen        ",168,251,430,2990,79044.727,5.6187291,8.3946486,14.381271,358,8.7625427,5,7,7
"Vechigen        ",113,260,553,4986,83429.547,2.2663457,5.214601,11.091055,359,8.8247089,2,5,7
"Wohlen bei Bern ",429,662,1169,9560,82473.305,4.4874477,6.924686,12.228033,360,7.7405853,3,6,7
"Zollikofen      ",727,1059,1235,9823,67793.172,7.4009976,10.780821,12.572534,361,5.171536,6,6,6
"Ittigen ",1062,1414,1626,11020,68799.5,9.6370239,12.831216,14.754991,362,5.1179667,6,7,6
"Ostermundigen   ",1854,2534,1976,15429,56153.266,12.016333,16.423618,12.807052,363,0.79071903,7,6,5
"Biel/Bienne     ",7727,10426,6970,46392,49394.219,16.65589,22.473701,15.024142,371,-1.6317472,7,7,2
"Evilard ",72,115,283,2645,91351.898,2.7221172,4.347826,10.699433,372,7.9773159,2,5,7
"Arch    ",73,121,144,1551,70507.75,4.7066407,7.8014183,9.2843323,381,4.5776916,3,3,6
"Büetigen        ",20,28,71,849,80847.977,2.3557127,3.2979977,8.3627796,382,6.0070667,2,3,7
"Büren an der Aare       ",261,384,426,3367,66733.313,7.7517076,11.404812,12.652213,383,4.9005055,6,6,6
"Diessbach bei Büren     ",42,74,89,887,71326.406,4.7350621,8.3427286,10.033822,385,5.2987599,3,5,6
"Dotzigen        ",72,109,138,1409,71755.953,5.1100073,7.7359829,9.7941799,386,4.6841726,4,4,6
"Lengnau (BE)    ",496,693,666,4626,62953.902,10.722006,14.980545,14.396887,387,3.674881,6,7,5
"Leuzigen        ",48,79,103,1175,70611.203,4.0851064,6.7234044,8.7659578,388,4.6808515,3,3,6
"Meienried       ",2,4,5,59,73016.438,,6.7796612,,389,,,,
"Meinisberg      ",70,108,129,1341,72416.805,5.219985,8.0536909,9.6196871,390,4.3997021,5,3,6
"Oberwil bei Büren       ",24,48,87,793,72344.109,3.0264816,6.0529633,10.970996,391,7.9445143,2,5,7
"Pieterlen       ",397,510,407,3039,56614.5,13.063508,16.781836,13.392564,392,0.32905579,7,6,5
"Rüti bei Büren  ",65,78,83,838,69408.188,7.7565632,9.3078756,9.9045343,393,2.1479712,6,5,5
"Wengi   ",26,57,77,612,68679.336,4.2483659,9.3137255,12.581699,394,8.333334,3,6,7
"Aefligen        ",54,80,98,1104,70390.898,4.8913045,7.246377,8.876812,401,3.9855075,3,3,6
"Alchenstorf     ",15,31,43,590,68719.258,2.5423729,5.2542372,7.2881355,402,4.7457628,2,2,6
"Bäriswil        ",34,47,121,1100,86465.703,3.090909,4.2727275,11,403,7.909091,2,5,7
"Burgdorf        ",1354,2046,1774,15446,59799.508,8.7660236,13.246148,11.485174,404,2.7191505,6,6,5
"Ersigen ",55,101,179,1699,76801.281,3.2371984,5.9446735,10.535609,405,7.2984109,2,5,7
"Hasle bei Burgdorf      ",172,368,314,3155,60965.754,5.451664,11.664025,9.9524565,406,4.5007925,5,5,6
"Heimiswil       ",51,155,112,1594,58029.219,3.1994982,9.7239647,7.0263486,407,3.8268504,2,2,5
"Hellsau ",1,4,9,193,69821.523,0.51813471,2.0725389,4.6632123,408,4.1450777,1,1,6
"Hindelbank      ",149,216,293,2175,72069.898,6.8505745,9.9310341,13.471265,409,6.6206903,5,6,7
"Höchstetten     ",7,28,28,298,64722.902,2.3489933,9.3959732,9.3959732,410,7.0469799,2,3,7
"Kernenried      ",10,52,68,460,69778.297,2.173913,11.304348,14.782609,411,12.608696,2,7,7
"Kirchberg (BE)  ",368,547,688,5760,72545.711,6.3888888,9.4965277,11.944445,412,5.5555558,5,6,6
"Koppigen        ",101,149,187,2022,72920,4.9950542,7.3689418,9.2482691,413,4.2532148,3,3,6
"Krauchthal      ",76,134,207,2401,74354.969,3.1653478,5.581008,8.6214075,414,5.4560595,2,3,6
"Lyssach ",67,118,144,1418,72860.961,4.7249646,8.3215799,10.155149,415,5.4301839,3,5,6
"Mötschwil       ",1,8,7,136,61216.594,0.7352941,5.8823528,5.147059,416,4.4117651,1,1,6
"Niederösch      ",6,14,15,249,65156.633,2.4096386,5.6224899,6.0240965,417,3.6144578,2,2,5
"Oberburg        ",281,399,323,2873,56143.148,9.7807169,13.887922,11.242603,418,1.4618864,6,5,5
"Oberösch        ",5,5,5,107,64934.789,4.6728973,4.6728973,4.6728973,419,0,3,1,4
"Rüdtligen-Alchenflüh    ",271,345,306,2296,59718.492,11.803136,15.026133,13.327526,420,1.5243902,7,6,5
"Rumendingen     ",3,3,3,84,57900.859,,3.5714285,,421,,,,
"Rüti bei Lyssach        ",7,10,10,166,67516.328,4.2168674,6.0240965,6.0240965,422,1.807229,3,2,5
"Willadingen     ",3,12,13,216,74352.234,1.3888888,5.5555553,6.0185184,423,4.6296296,1,2,6
"Wynigen ",83,226,181,2011,59374.523,4.1272998,11.23819,9.0004969,424,4.8731971,3,3,6
"Corgémont       ",153,201,196,1627,63451.355,9.4038105,12.354026,12.046712,431,2.6429014,6,6,5
"Cormoret        ",23,45,32,502,59582.699,4.5816731,8.9641438,6.3745022,432,1.792829,3,2,5
"Cortébert       ",79,125,93,737,56063.512,10.719131,16.960651,12.618725,433,1.8995934,6,6,5
"Courtelary      ",115,150,158,1291,64313.102,8.9078236,11.6189,12.238575,434,3.3307514,6,6,5
"La Ferrière     ",39,66,56,571,55532.672,6.8301225,11.558669,9.8073559,435,2.9772334,5,4,5
"La Heutte       ",34,57,63,513,68185.859,6.6276803,11.111111,12.280702,436,5.6530213,5,6,7
"Mont-Tramelan   ",1,27,12,107,46198.398,0.93457943,25.233644,11.214953,437,10.280374,1,5,7
"Orvin   ",94,142,150,1244,65658.508,7.5562701,11.414791,12.057878,438,4.5016074,6,6,6
"Péry    ",99,133,133,1385,63318.348,7.1480145,9.6028881,9.6028881,439,2.4548736,6,3,5
"Plagne  ",9,14,14,377,63676.852,2.3872678,3.7135279,3.7135279,440,1.3262601,2,1,5
"Renan (BE)      ",83,99,70,859,56994.328,9.6623983,11.525029,8.1490107,441,-1.5133877,6,2,2
"Romont (BE)     ",16,18,18,119,60118.848,13.445378,15.12605,15.12605,442,1.6806717,7,7,5
"Saint-Imier     ",627,831,476,3763,47047.801,16.662237,22.083445,12.649482,443,-4.0127554,7,6,1
"Sonceboz-Sombeval       ",80,152,152,1813,64303.512,4.4125757,8.383894,8.383894,444,3.9713182,3,3,6
"Sonvilier       ",129,228,121,1224,50629.574,10.539216,18.627451,9.8856211,445,-0.65359497,6,4,2
"Tramelan        ",302,483,295,3234,52457.457,9.3382807,14.935065,9.1218309,446,-0.21644974,6,3,3
"Vauffelin       ",40,50,48,421,61330.352,9.5011873,11.876485,11.401425,447,1.900238,6,5,5
"Villeret        ",63,116,101,915,60773.203,6.8852458,12.677596,11.038251,448,4.1530051,5,5,6
"Brüttelen       ",29,62,49,580,61278.691,5,10.689655,8.4482756,491,3.4482756,4,3,5
"Erlach  ",77,120,147,1329,75229.961,5.7938299,9.0293455,11.060948,492,5.2671185,5,5,6
"Finsterhennen   ",9,11,24,485,71037.406,1.8556701,2.2680411,4.9484534,493,3.0927835,2,1,5
"Gals    ",46,68,96,726,73992.25,6.3360882,9.3663912,13.223141,494,6.8870525,5,6,7
"Gampelen        ",65,78,98,784,69374.438,8.2908163,9.9489794,12.5,495,4.2091837,6,6,6
"Ins     ",144,229,336,3301,72383.664,4.3623142,6.9372916,10.178734,496,5.8164196,3,5,7
"Lüscherz        ",16,33,57,551,78436.242,2.9038112,5.9891105,10.344828,497,7.4410162,2,5,7
"Müntschemier    ",80,99,106,1237,66925.156,6.4672594,8.0032339,8.5691185,498,2.1018591,5,3,5
"Siselen ",35,49,51,622,66964.453,5.6270099,7.8778133,8.199357,499,2.5723472,5,2,5
"Treiten ",10,17,36,440,77061.984,2.2727273,3.8636363,8.181818,500,5.909091,2,2,7
"Tschugg ",15,39,50,458,69097.438,3.2751091,8.5152836,10.91703,501,7.641921,2,5,7
"Vinelz  ",19,32,80,835,81394.609,2.275449,3.8323352,9.5808382,502,7.3053894,2,3,7
"Bangerten       ",4,6,10,158,69773.75,2.5316455,3.7974684,6.329114,532,3.7974684,2,2,5
"Bätterkinden    ",175,228,345,3194,74729.039,5.479023,7.1383843,10.801503,533,5.3224802,5,5,6
"Büren zum Hof   ",12,20,40,483,80958.758,2.484472,4.1407866,8.2815733,534,5.797101,2,2,7
"Deisswil bei Münchenbuchsee     ",7,14,21,97,72311.313,,14.43299,,535,,,,
"Diemerswil      ",11,2,10,198,76940.07,5.5555553,1.010101,5.0505052,536,-0.50505018,5,1,3
"Etzelkofen      ",6,10,17,297,80417.602,2.0202019,3.3670034,5.7239056,537,3.7037036,2,1,5
"Fraubrunnen     ",80,151,229,1919,78420.906,4.168838,7.8686814,11.933299,538,7.764461,3,6,7
"Grafenried      ",36,70,132,1023,84055.211,3.5190616,6.8426199,12.903226,539,9.3841648,3,6,7
"Jegenstorf      ",282,393,590,4967,77369.008,5.6774712,7.9122205,11.878397,540,6.2009258,5,6,7
"Iffwil  ",19,29,53,436,77162.25,4.3577981,6.6513762,12.155963,541,7.7981648,3,6,7
"Limpach ",17,39,57,365,67010.172,4.6575341,10.684932,15.616438,542,10.958904,3,7,7
"Mattstetten     ",27,30,82,623,91276.523,4.3338685,4.8154092,13.162119,543,8.8282509,3,6,7
"Moosseedorf     ",295,384,412,3521,65522.027,8.3783016,10.905993,11.701221,544,3.3229198,6,6,5
"Mülchi  ",9,20,16,236,60802.398,3.8135593,8.474576,6.7796612,545,2.9661019,3,2,5
"Münchenbuchsee  ",767,1076,1145,10051,65979.961,7.6310816,10.705402,11.391901,546,3.7608194,6,5,5
"Münchringen     ",12,14,48,653,95386.602,1.8376722,2.1439509,7.3506889,547,5.5130167,1,2,6
"Ruppodsried     ",9,8,20,279,72915.531,3.2258065,2.8673835,7.1684589,548,3.9426525,2,2,6
"Schalunen       ",12,21,41,443,74933.5,2.7088037,4.7404065,9.2550793,549,6.5462756,2,3,7
"Scheunen        ",0,9,9,79,63880.668,,11.392406,,550,,,,
"Urtenen-Schönbühl       ",525,690,758,6056,65681.844,8.6690884,11.39366,12.516513,551,3.8474245,6,6,6
"Utzenstorf      ",231,378,458,4250,69838.383,5.4352942,8.8941174,10.77647,552,5.341176,5,5,6
"Wiggiswil       ",6,8,8,95,73693.563,,8.4210529,,553,,,,
"Wiler bei Utzenstorf    ",47,74,79,838,65060.848,5.608592,8.8305492,9.4272079,554,3.8186159,5,3,5
"Zauggenried     ",13,17,27,325,72033.367,4,5.2307692,8.3076925,555,4.3076925,3,2,6
"Zielebach       ",16,22,27,333,73286.492,4.8048048,6.6066065,8.1081085,556,3.3033037,3,2,5
"Zuzwil (BE)     ",17,23,61,612,87196.313,2.7777777,3.7581699,9.9673204,557,7.1895428,2,5,7
"Adelboden       ",154,335,237,3401,57974.137,4.52808,9.8500443,6.9685388,561,2.4404588,3,2,5
"Aeschi bei Spiez        ",70,184,208,2140,67831.219,3.271028,8.5981312,9.7196264,562,6.4485984,2,3,7
"Frutigen        ",364,726,563,6532,58522.895,5.572566,11.114513,8.6191063,563,3.0465403,5,3,5
"Kandergrund     ",50,107,61,793,52224.844,6.3051701,13.493064,7.6923075,564,1.3871374,5,2,5
"Kandersteg      ",62,107,103,1186,63069.898,5.2276559,9.0219221,8.6846542,565,3.4569983,5,3,5
"Krattigen       ",35,84,110,1003,69758.797,3.4895315,8.3748751,10.967098,566,7.4775667,3,5,7
"Reichenbach im Kandertal        ",191,397,293,3535,59078.719,5.4031119,11.230552,8.2885427,567,2.8854308,5,2,5
"Beatenberg      ",79,150,102,1058,55732.5,7.4669189,14.177693,9.6408319,571,2.173913,6,3,5
"Bönigen ",135,198,227,2484,67772.016,5.4347825,7.9710145,9.1384859,572,3.7037034,5,3,5
"Brienz (BE)     ",202,327,299,2994,60001.98,6.7468271,10.921844,9.98664,573,3.2398129,5,5,5
"Brienzwiler     ",26,55,54,508,61874.152,5.1181102,10.826772,10.629921,574,5.5118108,5,5,6
"Därligen        ",16,40,50,404,67971.094,3.9603961,9.9009905,12.376238,575,8.4158421,3,6,7
"Grindelwald     ",170,407,370,3584,62232,4.7433038,11.356027,10.323661,576,5.5803571,3,5,7
"Gsteigwiler     ",24,49,42,416,60592.125,5.7692308,11.778846,10.096154,577,4.3269234,5,5,6
"Gündlischwand   ",34,43,39,296,61518.352,11.486486,14.527027,13.175675,578,1.689189,6,6,5
"Habkern ",44,128,52,620,46619.102,7.0967741,20.645161,8.3870964,579,1.2903223,6,3,5
"Hofstetten bei Brienz   ",28,49,49,556,66030.563,5.0359712,8.8129492,8.8129492,580,3.776978,4,3,5
"Interlaken      ",548,817,635,5153,55767.598,10.634582,15.854842,12.322919,581,1.6883373,6,6,5
"Iseltwald       ",18,45,39,431,62738.523,4.1763339,10.440835,9.0487242,582,4.8723903,3,3,6
"Lauterbrunnen   ",169,243,231,2282,61014.039,7.4057846,10.648554,10.1227,584,2.7169151,6,5,5
"Leissigen       ",51,67,98,950,71333.258,5.3684211,7.0526314,10.315789,585,4.9473681,5,5,6
"Lütschental     ",28,38,25,256,54866.125,10.9375,14.84375,9.765625,586,-1.171875,6,3,2
"Matten bei Interlaken   ",221,362,339,3678,62549.781,6.0087004,9.8423052,9.2169657,587,3.2082653,5,3,5
"Niederried bei Interlaken       ",29,37,27,327,61898.547,8.8685017,11.314984,8.2568808,588,-0.6116209,6,2,2
"Oberried am Brienzersee ",40,42,40,466,58736.25,8.5836906,9.0128756,8.5836906,589,0,6,3,4
"Ringgenberg (BE)        ",208,316,325,2663,64706.539,7.81074,11.866316,12.204281,590,4.3935409,6,6,6
"Saxeten ",13,20,7,106,42451.141,12.264151,18.867924,6.6037736,591,-5.660377,7,2,1
"Schwanden bei Brienz    ",34,56,57,604,65763.117,5.6291389,9.2715235,9.4370861,592,3.8079472,5,3,5
"Unterseen       ",331,547,593,5560,67298.258,5.9532375,9.838129,10.665467,593,4.7122297,5,5,6
"Wilderswil      ",155,217,218,2584,64577.426,5.9984522,8.3978329,8.436533,594,2.4380808,5,3,5
"Arni (BE)       ",35,88,70,945,56915.961,3.7037036,9.3121691,7.4074073,602,3.7037036,3,2,5
"Biglen  ",109,186,186,1781,64309.375,6.1201572,10.443571,10.443571,603,4.3234138,5,5,6
"Bleiken bei Oberdiessbach       ",9,43,27,410,60528.07,2.195122,10.487804,6.5853658,604,4.3902435,2,2,6
"Bowil   ",68,161,126,1392,60462.602,4.8850574,11.566092,9.0517244,605,4.166667,3,3,6
"Brenzikofen     ",12,27,55,534,71876.813,2.247191,5.05618,10.299625,606,8.0524349,2,5,7
"Freimettigen    ",7,21,41,439,74742.391,1.5945331,4.7835989,9.3394079,607,7.744875,1,3,7
"Grosshöchstetten        ",164,255,364,3354,72229.375,4.8896837,7.6028624,10.852714,608,5.9630299,3,5,7
"Häutligen       ",6,19,19,226,63114.199,2.6548672,8.4070797,8.4070797,609,5.7522125,2,3,7
"Herbligen       ",19,40,45,544,66295.609,3.4926472,7.352941,8.2720585,610,4.7794113,3,2,6
"Kiesen  ",27,60,85,877,77933.172,3.0786774,6.8415051,9.692132,611,6.6134548,2,3,7
"Konolfingen     ",205,373,481,4857,70003.156,4.2207122,7.6796374,9.9032326,612,5.6825204,3,4,7
"Landiswil       ",40,125,43,644,46943.125,6.2111802,19.409939,6.6770186,613,0.46583843,5,2,5
"Linden  ",56,151,71,1279,55714.773,4.3784208,11.806099,5.5512118,614,1.172791,3,1,5
"Mirchel ",6,35,85,584,75544.047,1.0273973,5.9931507,14.554794,615,13.527397,1,7,7
"Münsingen       ",572,890,1272,11412,73106.492,5.0122676,7.7988081,11.146162,616,6.1338944,4,5,7
"Niederhünigen   ",23,53,64,667,70739.68,3.4482758,7.9460268,9.5952024,617,6.1469269,3,3,7
"Oberdiessbach   ",120,244,308,3171,68585.891,3.7842951,7.6947336,9.7130241,619,5.9287291,3,3,7
"Oberthal        ",31,93,67,788,56438.531,3.9340103,11.802031,8.5025377,620,4.5685272,3,3,6
"Oppligen        ",55,54,54,689,64342.391,7.9825835,7.8374457,7.8374457,622,-0.14513779,6,2,3
"Rubigen ",85,121,300,2989,81257.953,2.8437605,4.0481768,10.036801,623,7.1930408,2,5,7
"Schlosswil      ",11,41,54,658,72934.617,1.6717325,6.2310028,8.206687,624,6.5349545,1,2,7
"Tägertschi      ",10,24,44,420,75471.852,2.3809524,5.7142859,10.476191,625,8.0952377,2,5,7
"Walkringen      ",94,184,160,1792,61374.727,5.2455359,10.267858,8.9285717,626,3.6830359,5,3,5
"Worb    ",814,1193,1282,11463,66400.031,7.1011081,10.407397,11.183808,627,4.0827003,6,5,6
"Zäziwil ",65,122,130,1627,67550.375,3.9950831,7.4984636,7.9901662,628,3.9950831,3,2,6
"Oberhünigen     ",20,48,37,336,55012.391,5.9523811,14.285714,11.011905,629,5.0595236,5,5,6
"Allmendingen    ",4,31,57,523,87751.453,0.76481837,5.9273424,10.898662,630,10.133843,1,5,7
"Trimstein       ",9,29,61,546,80043.438,1.6483517,5.3113551,11.172161,631,9.5238094,1,5,7
"Wichtrach       ",136,245,371,4228,73805.969,3.216651,5.7947021,8.7748346,632,5.5581837,2,3,6
"Clavaleyres     ",6,18,11,45,51992.699,,40,,661,,,,
"Ferenbalm       ",56,101,148,1297,75224.281,4.317656,7.7872014,11.410949,662,7.0932927,3,6,7
"Frauenkappelen  ",30,56,106,1338,76494.484,2.2421525,4.1853514,7.9222722,663,5.6801195,2,2,7
"Golaten ",9,34,39,303,72299.766,2.9702971,11.221122,12.871287,664,9.9009905,2,6,7
"Gurbrü  ",2,18,23,256,72175,0.78125,7.03125,8.984375,665,8.203125,1,3,7
"Kriechenwil     ",26,46,45,441,63046.676,5.8956914,10.430839,10.204082,666,4.3083901,5,5,6
"Laupen  ",220,316,389,2902,69139.828,7.5809789,10.889042,13.404549,667,5.8235698,6,6,7
"Mühleberg       ",86,187,278,2857,74323.547,3.0101504,6.5453272,9.7304869,668,6.7203364,2,3,7
"Münchenwiler    ",44,34,50,472,76329.43,9.3220339,7.2033896,10.593221,669,1.2711868,6,5,5
"Neuenegg        ",278,426,563,5053,71649.813,5.5016823,8.4306355,11.141896,670,5.640214,5,5,7
"Wileroltigen    ",28,41,49,408,68849.008,6.8627453,10.04902,12.009804,671,5.1470585,5,6,6
"Belprahon       ",16,21,23,313,76178.984,5.1118212,6.7092652,7.3482428,681,2.2364216,5,2,5
"Bévilard        ",83,155,99,837,48679.477,9.9163675,18.518518,11.827957,682,1.9115896,6,6,5
"Champoz ",14,19,12,179,58292.273,7.821229,10.614525,6.7039108,683,-1.1173182,6,2,2
"Châtelat        ",17,24,9,106,47926.758,16.037735,22.64151,8.4905663,684,-7.5471687,7,3,1
"Corcelles (BE)  ",18,34,26,205,56626.348,8.780488,16.585365,12.682927,687,3.9024391,6,6,6
"Court   ",99,160,152,1355,62239.82,7.306273,11.808118,11.217712,690,3.9114394,6,5,6
"Crémines        ",34,62,49,556,54151.773,6.115108,11.151079,8.8129492,691,2.6978412,5,3,5
"Eschert ",22,52,38,391,59246.238,5.6265984,13.299232,9.7186699,692,4.0920715,5,3,6
"Grandval        ",9,33,27,353,58369.176,2.5495751,9.3484421,7.648725,694,5.0991497,2,2,6
"Loveresse       ",11,13,13,344,63759.25,3.1976745,3.7790697,3.7790697,696,0.58139515,2,1,5
"Malleray        ",159,264,218,1950,59666.703,8.1538458,13.538462,11.179487,697,3.0256414,6,5,5
"Moutier ",890,1280,855,7330,53083.121,12.141883,17.462482,11.664392,700,-0.47749043,7,6,3
"Perrefitte      ",24,60,50,463,60235.898,5.1835852,12.958963,10.799136,701,5.615551,5,5,7
"Pontenet        ",19,21,19,242,60391.563,7.8512397,8.6776857,7.8512397,702,0,6,2,4
"Reconvilier     ",171,298,226,2279,57590.352,7.5032911,13.075911,9.9166298,703,2.4133387,6,5,5
"Roches (BE)     ",18,32,18,96,51862.023,,33.333332,,704,,,,
"Saicourt        ",52,74,73,632,62072.43,8.2278481,11.70886,11.550632,706,3.3227844,6,6,5
"Saules (BE)     ",14,18,13,164,51364.367,8.5365858,10.97561,7.9268293,707,-0.60975647,6,2,3
"Schelten        ",2,18,0,38,30275.984,,47.36842,,708,,,,
"Seehof  ",11,26,11,67,38432.254,,38.805969,,709,,,,
"Sornetan        ",3,8,8,133,56743.848,2.2556391,6.0150375,6.0150375,710,3.7593985,2,2,5
"Sorvilier       ",32,44,27,269,58017.625,11.895911,16.356876,10.037175,711,-1.858736,7,5,1
"Souboz  ",7,20,20,144,64620.961,4.8611112,13.888889,13.888889,712,9.0277786,3,6,7
"Tavannes        ",446,639,435,3570,51468.867,12.492997,17.89916,12.184874,713,-0.30812359,7,6,3
"Rebévelier      ",0,6,1,46,43258.492,,13.043478,,715,,,,
"Diesse  ",31,46,46,300,61166.633,10.333333,15.333333,15.333333,721,5,6,7,6
"Lamboing        ",50,77,60,420,52841.668,11.904762,18.333334,14.285714,722,2.3809519,7,7,5
"La Neuveville   ",224,299,345,3375,68943.094,6.6370368,8.8592596,10.222222,723,3.5851855,5,5,5
"Nods    ",29,56,66,805,69214.828,3.6024845,6.9565215,8.1987581,724,4.5962734,3,2,6
"Prêles  ",26,64,108,954,78918.648,2.7253668,6.7085953,11.320755,725,8.5953884,2,5,7
"Aegerten        ",149,204,227,1807,69750.875,8.2457113,11.28943,12.562258,731,4.3165464,6,6,6
"Bellmund        ",50,79,191,1623,96354.883,3.0807147,4.8675294,11.768331,732,8.6876163,2,6,7
"Brügg   ",591,765,633,4294,57363.848,13.763391,17.815557,14.7415,733,0.97810936,7,7,5
"Bühl    ",5,24,35,420,77373.344,1.1904762,5.7142859,8.333333,734,7.1428566,1,2,7
"Epsach  ",12,29,31,359,70814,3.3426185,8.0779943,8.6350975,735,5.292479,2,3,6
"Hagneck ",7,12,25,437,73290.703,1.6018307,2.7459955,5.7208238,736,4.1189928,1,1,6
"Hermrigen       ",6,17,17,259,68609.469,2.3166022,6.5637064,6.5637064,737,4.2471042,2,2,6
"Jens    ",15,26,83,724,87038.102,2.0718231,3.5911603,11.464088,738,9.3922653,2,6,7
"Ipsach  ",172,274,375,4191,75238.375,4.1040325,6.5378189,8.9477453,739,4.8437128,3,3,6
"Ligerz  ",15,32,49,567,76239.227,2.6455026,5.6437387,8.6419754,740,5.9964728,2,3,7
"Merzligen       ",8,14,53,428,86415.969,1.8691589,3.271028,12.383178,741,10.514019,2,6,7
"Mörigen ",23,31,91,918,102820.6,2.5054467,3.3769064,9.9128542,742,7.4074078,2,5,7
"Nidau   ",1027,1429,964,6860,50839.84,14.970845,20.830904,14.052478,743,-0.91836739,7,7,2
"Orpund  ",225,294,296,2764,64582.48,8.1403761,10.636758,10.709117,744,2.5687408,6,5,5
"Port    ",116,223,340,3539,76171.133,3.2777622,6.3012152,9.607234,745,6.3294716,2,3,7
"Safnern ",100,147,221,1905,75943.352,5.2493439,7.7165356,11.601049,746,6.3517056,5,6,7
"Scheuren        ",10,27,31,499,79734.711,2.0040081,5.4108214,6.2124248,747,4.2084169,2,2,6
"Schwadernau     ",44,66,80,699,70602.945,6.2947068,9.4420605,11.444921,748,5.1502147,5,6,6
"Studen (BE)     ",162,234,290,2972,68376.508,5.4508748,7.873486,9.7577391,749,4.3068643,5,3,6
"Sutz-Lattrigen  ",57,91,144,1486,79858.203,3.8358009,6.1238222,9.690444,750,5.8546429,3,3,7
"Täuffelen       ",93,176,278,2748,76436.531,3.3842795,6.4046578,10.116448,751,6.7321692,2,5,7
"Walperswil      ",26,51,80,982,76058.969,2.6476579,5.1934829,8.1466398,754,5.498982,2,2,6
"Worben  ",129,199,253,2298,73529.047,5.6135769,8.6597042,11.009574,755,5.395997,5,5,6
"Twann-Tüscherz  ",64,101,109,1143,71466.648,5.5992999,8.8363953,9.5363083,756,3.9370084,5,3,6
"Därstetten      ",34,114,81,840,57180.699,4.0476189,13.571428,9.6428576,761,5.5952387,3,3,7
"Diemtigen       ",183,451,246,2211,52666.676,8.2767982,20.39801,11.126187,762,2.8493891,6,5,5
"Erlenbach im Simmental  ",137,223,185,1722,59134.074,7.9558654,12.950058,10.743321,763,2.787456,6,5,5
"Niederstocken   ",9,23,23,261,63465.285,3.4482758,8.8122606,8.8122606,764,5.3639851,3,3,6
"Oberstocken     ",17,24,24,306,63694.996,5.5555553,7.8431373,7.8431373,765,2.2875819,5,2,5
"Oberwil im Simmental    ",37,175,68,831,48275.105,4.452467,21.058966,8.1829119,766,3.7304449,3,2,5
"Reutigen        ",53,79,79,1015,63937.133,5.2216749,7.7832513,7.7832513,767,2.5615764,5,2,5
"Spiez   ",705,1052,1316,12712,71016.938,5.5459409,8.2756453,10.352423,768,4.8064818,5,5,6
"Wimmis  ",112,241,244,2449,64430.672,4.5732951,9.8407516,9.9632502,769,5.389955,3,5,6
"Gadmen  ",20,46,29,238,48691.102,8.4033613,19.32773,12.184874,781,3.7815123,6,6,5
"Guttannen       ",11,23,20,297,57727.074,3.7037036,7.7441077,6.7340069,782,3.0303032,3,2,5
"Hasliberg       ",74,147,109,1104,58972.129,6.7028985,13.315217,9.873188,783,3.1702895,5,4,5
"Innertkirchen   ",40,93,90,839,61314.633,4.7675805,11.084624,10.727056,784,5.959475,3,5,7
"Meiringen       ",268,456,454,4588,64147.906,5.8413253,9.9389715,9.8953791,785,4.0540538,5,4,6
"Schattenhalb    ",28,63,57,582,62060.602,4.8109965,10.824742,9.7938147,786,4.9828181,3,3,6
"Boltigen        ",113,227,118,1347,49168.207,8.3890123,16.852264,8.7602081,791,0.37119579,6,3,5
"Lenk    ",114,228,188,2282,60241.395,4.9956179,9.9912357,8.2383871,792,3.2427692,4,2,5
"St. Stephan     ",90,195,93,1312,55388.449,6.859756,14.862804,7.0884147,793,0.22865868,5,2,4
"Zweisimmen      ",133,282,256,2914,61604.773,4.5641727,9.6774197,8.7851753,794,4.2210026,3,3,6
"Gsteig  ",61,129,102,964,60167.906,6.3278008,13.381742,10.580913,841,4.2531118,5,5,6
"Lauenen ",33,99,72,774,56219.676,4.263566,12.790698,9.3023252,842,5.0387592,3,3,6
"Saanen  ",310,611,769,6393,68649.039,4.8490539,9.5573282,12.028782,843,7.179728,3,6,7
"Guggisberg      ",129,244,131,1594,52268.828,8.0928478,15.307403,8.2183189,852,0.12547112,6,2,4
"Rüschegg        ",99,184,165,1620,59671.676,6.1111112,11.358025,10.185185,853,4.0740743,5,5,6
"Schwarzenburg   ",361,744,766,6984,65036.758,5.1689577,10.652921,10.967927,855,5.7989693,5,5,7
"Belp    ",566,882,1168,11164,71535.852,5.0698676,7.900394,10.4622,861,5.3923326,4,5,6
"Burgistein      ",27,80,90,1066,68101.914,2.5328331,7.5046906,8.4427767,863,5.9099436,2,3,7
"Gelterfingen    ",6,24,25,250,64548.551,2.4000001,9.6000004,10,865,7.5999999,2,5,7
"Gerzensee       ",23,69,128,1217,79675.359,1.8898932,5.6696796,10.517667,866,8.6277733,2,5,7
"Gurzelen        ",29,78,73,790,63053.563,3.670886,9.8734179,9.2405062,867,5.5696201,3,3,6
"Jaberg  ",3,14,17,266,74780.227,1.1278195,5.2631578,6.3909774,868,5.2631578,1,2,6
"Kaufdorf        ",38,68,141,1093,82145.039,3.4766698,6.2214088,12.900274,869,9.423605,3,6,7
"Kehrsatz        ",289,453,572,4109,71718.766,7.0333414,11.02458,13.920662,870,6.8873205,6,6,7
"Kienersrüti     ",4,7,7,48,48940.762,,14.583333,,871,,,,
"Kirchdorf (BE)  ",24,56,89,911,79368.25,2.6344676,6.1470909,9.7694845,872,7.1350169,2,3,7
"Kirchenthurnen  ",12,27,18,273,60285.875,4.3956046,9.89011,6.5934067,873,2.1978021,3,2,5
"Lohnstorf       ",6,10,15,228,67532.523,2.6315789,4.3859649,6.5789475,874,3.9473686,2,2,6
"Mühledorf (BE)  ",6,25,55,268,85616.063,2.238806,9.3283587,20.522388,875,18.283583,2,7,7
"Mühlethurnen    ",32,64,103,1426,77802.883,2.2440393,4.4880786,7.2230015,876,4.9789619,2,2,6
"Niedermuhlern   ",32,74,65,470,59040.051,6.8085108,15.74468,13.829787,877,7.0212765,5,6,7
"Noflen  ",9,21,21,304,62609.949,2.9605262,6.9078946,6.9078946,878,3.9473684,2,2,6
"Riggisberg      ",147,256,265,2469,64732.625,5.9538274,10.36857,10.73309,879,4.779263,5,5,6
"Rüeggisberg     ",115,249,204,1890,58603.41,6.0846562,13.174603,10.793651,880,4.7089944,5,5,6
"Rümligen        ",7,26,38,476,68978.867,1.4705882,5.4621849,7.9831934,881,6.5126052,1,2,7
"Seftigen        ",127,199,245,2213,69418.086,5.7388163,8.9923182,11.070945,883,5.3321285,5,5,6
"Toffen  ",125,187,316,2570,78484.797,4.8638134,7.2762647,12.29572,884,7.4319067,3,6,7
"Uttigen ",40,101,151,1919,77742.156,2.084419,5.2631578,7.8686814,885,5.7842627,2,2,7
"Wattenwil       ",132,248,251,2745,65277.484,4.808743,9.0346088,9.143898,886,4.335155,3,3,6
"Wald (BE)       ",22,76,140,1240,74145.922,1.7741935,6.1290321,11.290322,888,9.5161285,1,5,7
"Eggiwil ",92,341,174,2446,52510.141,3.7612429,13.941129,7.1136551,901,3.3524122,3,2,5
"Langnau im Emmental     ",526,1100,904,9046,60083.293,5.8147249,12.16007,9.9933672,902,4.1786423,5,5,6
"Lauperswil      ",160,341,224,2698,57075.195,5.9303188,12.638992,8.3024464,903,2.3721275,5,2,5
"Röthenbach im Emmental  ",47,167,53,1273,50506.094,3.692066,13.118617,4.1633935,904,0.47132754,3,1,5
"Rüderswil       ",132,306,213,2382,57803.281,5.5415616,12.846348,8.9420652,905,3.4005036,5,3,5
"Schangnau       ",49,173,75,898,50851.281,5.4565701,19.265034,8.3518934,906,2.8953233,5,3,5
"Signau  ",138,336,207,2759,55665.199,5.0018125,12.178326,7.5027184,907,2.500906,4,2,5
"Trub    ",74,230,121,1343,50681.148,5.5100522,17.125837,9.0096798,908,3.4996276,5,3,5
"Trubschachen    ",104,214,138,1387,53968.297,7.4981976,15.428984,9.9495316,909,2.451334,6,5,5
"Amsoldingen     ",24,44,63,814,73850.641,2.9484029,5.4054055,7.7395577,921,4.7911549,2,2,6
"Blumenstein     ",47,101,95,1203,63557.484,3.9068995,8.3956776,7.8969245,922,3.990025,3,2,6
"Buchholterberg  ",49,154,119,1526,59953.047,3.2110093,10.091743,7.7981653,923,4.5871563,2,2,6
"Eriz    ",48,125,57,494,48211.879,9.7165995,25.303644,11.538462,924,1.8218622,6,6,5
"Fahrni  ",29,77,59,810,61101.168,3.5802469,9.5061731,7.2839508,925,3.7037039,3,2,5
"Heiligenschwendi        ",40,71,56,660,61953.313,6.060606,10.757576,8.484848,927,2.424242,5,3,5
"Heimberg        ",348,556,612,6526,68624.734,5.3325162,8.5197668,9.3778734,928,4.0453572,5,3,6
"Hilterfingen    ",230,400,558,4142,77066.578,5.5528731,9.6571703,13.471753,929,7.91888,5,6,7
"Höfen   ",44,52,62,459,65350,9.5860567,11.328976,13.507626,930,3.9215689,6,6,6
"Homberg ",21,68,53,481,57885.98,4.3659043,14.137214,11.018711,931,6.6528068,3,5,7
"Horrenbach-Buchen       ",33,63,17,271,43922.5,12.177122,23.247232,6.2730627,932,-5.9040594,7,2,1
"Oberhofen am Thunersee  ",123,213,354,2343,83892.305,5.24968,9.090909,15.108835,934,9.8591557,5,7,7
"Oberlangenegg   ",29,99,33,488,48800.387,5.9426231,20.286884,6.7622952,935,0.81967211,5,2,5
"Pohlern ",17,37,26,282,56939.852,6.0283689,13.120567,9.2198582,936,3.1914892,5,3,5
"Schwendibach    ",17,30,30,273,64772.59,6.2271061,10.989011,10.989011,937,4.7619047,5,5,6
"Sigriswil       ",221,483,580,4641,68739.883,4.7619047,10.40724,12.497307,938,7.7354021,3,6,7
"Steffisburg     ",812,1346,1502,15667,67493.266,5.1828685,8.5913067,9.5870304,939,4.4041619,5,3,6
"Teuffenthal (BE)        ",25,39,15,171,48620.152,14.619883,22.807018,8.7719297,940,-5.8479528,7,3,1
"Thierachern     ",100,187,257,2474,71244.781,4.042037,7.5586095,10.388036,941,6.3459988,3,5,7
"Thun    ",3393,5020,4692,42831,61739.461,7.9218321,11.720483,10.954682,942,3.0328503,6,5,5
"Uebeschi        ",35,75,66,705,60020.492,4.9645391,10.638298,9.361702,943,4.3971629,3,3,6
"Uetendorf       ",291,470,596,6064,71246.422,4.7988129,7.7506595,9.828496,944,5.0296831,3,4,6
"Unterlangenegg  ",68,138,100,961,58355.047,7.0759625,14.360042,10.405828,945,3.329865,6,5,5
"Wachseldorn     ",17,30,10,238,51305.375,7.1428571,12.605042,4.2016807,946,-2.9411764,6,1,1
"Zwieselberg     ",1,39,39,279,62987.895,0.35842294,13.978495,13.978495,947,13.620071,1,6,7
"Forst-Längenbühl        ",31,65,70,846,67324.648,3.6643026,7.6832151,8.2742319,948,4.6099291,3,2,6
"Affoltern im Emmental   ",72,129,110,1190,58617.27,6.0504203,10.840336,9.2436972,951,3.1932769,5,3,5
"Dürrenroth      ",51,137,98,1103,56030.984,4.6237535,12.420671,8.8848591,952,4.2611055,3,3,6
"Eriswil ",89,189,102,1349,53853.078,6.5974798,14.010378,7.5611563,953,0.96367645,5,2,5
"Huttwil ",385,579,464,4684,58744.961,8.219471,12.36123,9.9060631,954,1.6865921,6,5,5
"Lützelflüh      ",265,519,377,4080,58464.773,6.4950981,12.720589,9.2401962,955,2.7450981,5,3,5
"Rüegsau ",142,301,285,3172,63064.25,4.4766707,9.4892817,8.984868,956,4.5081973,3,3,6
"Sumiswald       ",354,723,452,5097,55433.449,6.945262,14.184814,8.8679619,957,1.9226999,5,3,5
"Trachselwald    ",48,118,71,1027,54520.109,4.6738071,11.489776,6.9133396,958,2.2395325,3,2,5
"Walterswil (BE) ",30,44,42,538,60228.625,5.5762081,8.1784382,7.8066916,959,2.2304835,5,2,5
"Wyssachen       ",69,163,90,1170,54534.813,5.8974357,13.931623,7.6923075,960,1.7948718,5,2,5
"Attiswil        ",72,110,156,1351,70767.352,5.3293858,8.1421165,11.547002,971,6.2176161,5,6,7
"Berken  ",0,1,1,49,63091.25,,2.0408163,,972,,,,
"Bettenhausen    ",26,50,55,695,70176.797,3.7410071,7.1942444,7.9136691,973,4.1726618,3,2,6
"Farnern ",19,26,26,206,67637.109,9.2233009,12.621359,12.621359,975,3.3980579,6,6,5
"Graben  ",22,24,26,295,70847.305,7.4576273,8.1355934,8.8135595,976,1.3559322,6,3,5
"Heimenhausen    ",50,85,99,1057,70604.617,4.7303691,8.0416269,9.3661308,977,4.6357617,3,3,6
"Hermiswil       ",3,10,10,100,67275.828,3,10,10,978,7,2,5,7
"Herzogenbuchsee ",522,780,786,6871,64466.398,7.5971475,11.352059,11.439383,979,3.8422351,6,6,6
"Inkwil  ",21,33,46,658,73942.469,3.1914895,5.0151978,6.9908814,980,3.799392,2,2,5
"Niederbipp      ",350,449,508,4139,66917.203,8.4561491,10.848031,12.273496,981,3.8173466,6,6,5
"Niederönz       ",60,110,170,1646,72753.398,3.6452005,6.6828675,10.328068,982,6.6828671,3,5,7
"Oberbipp        ",100,161,206,1634,71224.797,6.1199512,9.8531208,12.6071,983,6.4871483,5,6,7
"Ochlenberg      ",25,65,36,608,56764.941,4.1118422,10.690789,5.9210525,985,1.8092103,3,1,5
"Rumisberg       ",22,36,51,480,75068.758,4.5833335,7.5,10.625,987,6.0416665,3,5,7
"Seeberg ",68,138,143,1468,64592.348,4.6321526,9.4005451,9.7411442,988,5.1089916,3,3,6
"Thörigen        ",62,89,107,1043,67181.008,5.9443913,8.5330772,10.258868,989,4.314477,5,5,6
"Walliswil bei Niederbipp        ",8,25,29,224,69973.156,3.5714285,11.160714,12.946428,990,9.375,3,6,7
"Walliswil bei Wangen    ",21,44,62,596,71596,3.52349,7.3825502,10.402684,991,6.8791943,3,5,7
"Wangen an der Aare      ",151,219,244,2153,66792,7.0134697,10.171853,11.333024,992,4.3195543,5,5,6
"Wangenried      ",22,33,39,403,69309.297,5.4590569,8.1885853,9.6774197,993,4.2183628,5,3,6
"Wiedlisbach     ",192,259,266,2182,64758.035,8.7992668,11.869844,12.190651,995,3.3913841,6,6,5
"Wolfisberg      ",20,19,19,211,64401.098,9.478673,9.0047398,9.0047398,996,-0.47393322,6,3,3
